<?xml version="1.0" encoding="utf-8"?>
<!DOCTYPE hibernate-mapping PUBLIC
        "-//Hibernate/Hibernate Mapping DTD//EN"
        "http://www.hibernate.org/dtd/hibernate-mapping-3.0.dtd">
<hibernate-mapping>

    <class name="org.jpaproject.Employee" table="EMPLOYEE">
        <meta attribute="class-detection">
            This class contains employee's details
        </meta>
        <id name="id" type="java.lang.Integer" column="id">
            <generator class="native"/>
        </id>
        <property name="name" column="name" type="java.lang.String" />
        <property name="department" column="department" type="java.lang.String"/>
    </class>

</hibernate-mapping>